<Config>
  <Macros>
    <Macro>
      <Device>Keyb4</Device>
      <Name>Close Tab</Name>
      <KeyCode>8</KeyCode>
      <Direction>down</Direction>
      <Action>SEQ</Action>
      <Sequence>^w</Sequence>
      <SCEvent></SCEvent>
      <XPLCommand></XPLCommand>
      <ScriptSource></ScriptSource>
      <SCText>0</SCText>
      <SCParams></SCParams>
      <Command></Command>
    </Macro>
    <Macro>
      <Device>Keyb4</Device>
      <Name>First Tab</Name>
      <KeyCode>49</KeyCode>
      <Direction>down</Direction>
      <Action>SEQ</Action>
      <Sequence>^1</Sequence>
      <SCEvent></SCEvent>
      <XPLCommand></XPLCommand>
      <ScriptSource></ScriptSource>
      <SCText>0</SCText>
      <SCParams></SCParams>
      <Command></Command>
    </Macro>
    <Macro>
      <Device>Keyb4</Device>
      <Name>Next Tab</Name>
      <KeyCode>69</KeyCode>
      <Direction>down</Direction>
      <Action>SEQ</Action>
      <Sequence>^{TAB}</Sequence>
      <SCEvent></SCEvent>
      <XPLCommand></XPLCommand>
      <ScriptSource></ScriptSource>
      <SCText>0</SCText>
      <SCParams></SCParams>
      <Command></Command>
    </Macro>
    <Macro>
      <Device>Keyb4</Device>
      <Name>Open New Tab</Name>
      <KeyCode>32</KeyCode>
      <Direction>down</Direction>
      <Action>SEQ</Action>
      <Sequence>^t</Sequence>
      <SCEvent></SCEvent>
      <XPLCommand></XPLCommand>
      <ScriptSource></ScriptSource>
      <SCText>0</SCText>
      <SCParams></SCParams>
      <Command></Command>
    </Macro>
    <Macro>
      <Device>Keyb4</Device>
      <Name>Previous Tab</Name>
      <KeyCode>81</KeyCode>
      <Direction>down</Direction>
      <Action>SEQ</Action>
      <Sequence>^+{TAB}</Sequence>
      <SCEvent></SCEvent>
      <XPLCommand></XPLCommand>
      <ScriptSource></ScriptSource>
      <SCText>0</SCText>
      <SCParams></SCParams>
      <Command></Command>
    </Macro>
    <Macro>
      <Device>Keyb4</Device>
      <Name>Second Tab</Name>
      <KeyCode>50</KeyCode>
      <Direction>down</Direction>
      <Action>SEQ</Action>
      <Sequence>^2</Sequence>
      <SCEvent></SCEvent>
      <XPLCommand></XPLCommand>
      <ScriptSource></ScriptSource>
      <SCText>0</SCText>
      <SCParams></SCParams>
      <Command></Command>
    </Macro>
    <Macro>
      <Device>Keyb4</Device>
      <Name>Third Tab</Name>
      <KeyCode>51</KeyCode>
      <Direction>down</Direction>
      <Action>SEQ</Action>
      <Sequence>^3</Sequence>
      <SCEvent></SCEvent>
      <XPLCommand></XPLCommand>
      <ScriptSource></ScriptSource>
      <SCText>0</SCText>
      <SCParams></SCParams>
      <Command></Command>
    </Macro>
    <Macro>
      <Device>Keyb4</Device>
      <Name>Fourth Tab</Name>
      <KeyCode>52</KeyCode>
      <Direction>down</Direction>
      <Action>SEQ</Action>
      <Sequence>^4</Sequence>
      <SCEvent></SCEvent>
      <XPLCommand></XPLCommand>
      <ScriptSource></ScriptSource>
      <SCText>0</SCText>
      <SCParams></SCParams>
      <Command></Command>
    </Macro>
    <Macro>
      <Device>Keyb4</Device>
      <Name>Fifth Tab</Name>
      <KeyCode>53</KeyCode>
      <Direction>down</Direction>
      <Action>SEQ</Action>
      <Sequence>^5</Sequence>
      <SCEvent></SCEvent>
      <XPLCommand></XPLCommand>
      <ScriptSource></ScriptSource>
      <SCText>0</SCText>
      <SCParams></SCParams>
      <Command></Command>
    </Macro>
    <Macro>
      <Device>Keyb4</Device>
      <Name>Sixth Tab</Name>
      <KeyCode>54</KeyCode>
      <Direction>down</Direction>
      <Action>SEQ</Action>
      <Sequence>^6</Sequence>
      <SCEvent></SCEvent>
      <XPLCommand></XPLCommand>
      <ScriptSource></ScriptSource>
      <SCText>0</SCText>
      <SCParams></SCParams>
      <Command></Command>
    </Macro>
    <Macro>
      <Device>Keyb4</Device>
      <Name>Seventh Tab</Name>
      <KeyCode>55</KeyCode>
      <Direction>down</Direction>
      <Action>SEQ</Action>
      <Sequence>^7</Sequence>
      <SCEvent></SCEvent>
      <XPLCommand></XPLCommand>
      <ScriptSource></ScriptSource>
      <SCText>0</SCText>
      <SCParams></SCParams>
      <Command></Command>
    </Macro>
    <Macro>
      <Device>Keyb4</Device>
      <Name>Eighth Tab</Name>
      <KeyCode>56</KeyCode>
      <Direction>down</Direction>
      <Action>SEQ</Action>
      <Sequence>^8</Sequence>
      <SCEvent></SCEvent>
      <XPLCommand></XPLCommand>
      <ScriptSource></ScriptSource>
      <SCText>0</SCText>
      <SCParams></SCParams>
      <Command></Command>
    </Macro>
    <Macro>
      <Device>Keyb4</Device>
      <Name>Ninth Tab</Name>
      <KeyCode>57</KeyCode>
      <Direction>down</Direction>
      <Action>SEQ</Action>
      <Sequence>^9</Sequence>
      <SCEvent></SCEvent>
      <XPLCommand></XPLCommand>
      <ScriptSource></ScriptSource>
      <SCText>0</SCText>
      <SCParams></SCParams>
      <Command></Command>
    </Macro>
    <Macro>
      <Device>Keyb4</Device>
      <Name>Secondary Copy</Name>
      <KeyCode>67</KeyCode>
      <Direction>down</Direction>
      <Action>CMD</Action>
      <Sequence></Sequence>
      <SCEvent></SCEvent>
      <XPLCommand></XPLCommand>
      <ScriptSource></ScriptSource>
      <SCText>0</SCText>
      <SCParams></SCParams>
      <Command>"C:\Users\Levi\Applications\HidMacros\Custom Scripts\SecondaryCopy.ahk"</Command>
    </Macro>
    <Macro>
      <Device>Keyb4</Device>
      <Name>Secondary Cut</Name>
      <KeyCode>88</KeyCode>
      <Direction>down</Direction>
      <Action>CMD</Action>
      <Sequence></Sequence>
      <SCEvent></SCEvent>
      <XPLCommand></XPLCommand>
      <ScriptSource></ScriptSource>
      <SCText>0</SCText>
      <SCParams></SCParams>
      <Command>"C:\Users\Levi\Applications\HidMacros\Custom Scripts\SecondaryCut.ahk"</Command>
    </Macro>
    <Macro>
      <Device>Keyb4</Device>
      <Name>Secondary Paste</Name>
      <KeyCode>86</KeyCode>
      <Direction>down</Direction>
      <Action>CMD</Action>
      <Sequence></Sequence>
      <SCEvent></SCEvent>
      <XPLCommand></XPLCommand>
      <ScriptSource></ScriptSource>
      <SCText>0</SCText>
      <SCParams></SCParams>
      <Command>"C:\Users\Levi\Applications\HidMacros\Custom Scripts\SecondaryPaste.ahk"</Command>
    </Macro>
  </Macros>
</Config>
